{"n1": {"x": 0.03709668236684212, "y": 0.14269150308083128}, "n2": {"x": 0.21768278216333664, "y": 0.09889405704429852}, "n3": {"x": 0.21563998396195203, "y": -0.021812922127303368}, "n4": {"x": 0.20802357471459007, "y": -0.17064235986813264}, "n5": {"x": 0.08301349297945224, "y": -0.21714736205091498}, "n6": {"x": 0.3969760641491791, "y": -0.36721841896349694}, "n7": {"x": 0.30299861983285653, "y": -0.26818397916584097}, "n8": {"x": 0.12901348930140494, "y": -0.4216288226581084}, "n9": {"x": 0.373777380519376, "y": -0.24826390926754965}, "n10": {"x": 0.4115656371125043, "y": -0.5056042848668172}, "n11": {"x": 0.3474074348591192, "y": -0.534600894418025}, "n12": {"x": 0.1808097792792758, "y": -0.34136559369506886}, "n13": {"x": 0.33854687170253367, "y": -0.6417273064787586}, "n14": {"x": 0.16423734828928865, "y": -0.5229537003769921}, "n15": {"x": 0.07514199746064154, "y": -0.6349198706133085}, "n16": {"x": -0.11171449107913194, "y": -0.6786155671196687}, "n17": {"x": -0.11068370065040026, "y": -0.5470835283171899}, "n18": {"x": -0.12412054701144154, "y": -0.3412232794335879}, "n19": {"x": -0.35318104712444304, "y": -0.5344603076825519}, "n20": {"x": -0.29105817802188544, "y": -0.3184497821368455}, "n21": {"x": -0.4740254707932098, "y": -0.42738636291852394}, "n22": {"x": -0.5609706194120538, "y": -0.3868966075332254}, "n23": {"x": -0.5982849568829766, "y": -0.30010401167162626}, "n24": {"x": -0.3531876469093422, "y": -0.13355503544005537}, "n25": {"x": -0.5080301976542216, "y": -0.2312586925856094}, "n26": {"x": -0.4388042382452586, "y": -0.320775894334659}, "n27": {"x": -0.1936474147318543, "y": -0.1504600170152756}, "n28": {"x": -0.21891229468146148, "y": -0.28469920747791666}, "n29": {"x": -0.22888308647770667, "y": -0.44195794957309253}, "n30": {"x": -0.05382977216490916, "y": -0.49218988397033}, "n31": {"x": -0.06027592901390916, "y": -0.3949391897199213}, "n32": {"x": 0.055617305172345886, "y": -0.3470825814593362}, "n33": {"x": 0.14211955427669354, "y": -0.26816053341404095}, "n34": {"x": 0.0031038781923982384, "y": -0.14746791038885892}, "n35": {"x": 0.08491769515315001, "y": -0.08544108526152028}, "n36": {"x": 0.12038419204513558, "y": 0.09225725797328097}, "n37": {"x": -0.09154917923405693, "y": 0.101560376104367}, "n38": {"x": -0.07343049453557243, "y": -0.0069772380346230555}, "n39": {"x": -0.1761230836427583, "y": 0.11379385975695837}, "n40": {"x": -0.33890149389630003, "y": 0.32569654566227724}, "n41": {"x": -0.14011494344660694, "y": 0.19487688373197462}, "n42": {"x": -0.19587626769327907, "y": 0.345893894336275}, "n43": {"x": -0.2616441693995651, "y": 0.48298101769820134}, "n44": {"x": -0.1794899289399049, "y": 0.5601266856421744}, "n45": {"x": -0.053705531438869254, "y": 0.31322218617254555}, "n46": {"x": -0.15131510991747452, "y": 0.7262536068212202}, "n47": {"x": -0.04108870953931651, "y": 0.7676602729334884}, "n48": {"x": 0.09802537663748377, "y": 0.9999999999999999}, "n49": {"x": 0.027879030501659435, "y": 0.9033050150828843}, "n50": {"x": 0.16679887983030678, "y": 0.8891861520861278}, "n51": {"x": 0.17174464951530322, "y": 0.6687359063495234}, "n52": {"x": 0.12589598090495663, "y": 0.6897064781803427}, "n53": {"x": 0.25875198047154835, "y": 0.6507175955458167}, "n54": {"x": 0.3052091560052772, "y": 0.5719377458962309}, "n55": {"x": 0.1177864029626557, "y": 0.2294879274401795}, "n56": {"x": 0.2664234797364921, "y": 0.4862063300813245}, "n57": {"x": 0.33289144835096884, "y": 0.41583947511950303}, "n58": {"x": 0.05271575608757837, "y": 0.4308254026083274}, "n59": {"x": 0.22076894652933868, "y": 0.31993310014984083}, "n60": {"x": 0.34988365147226796, "y": 0.2134648145407826}}