{"n1": {"x": -0.27580650105724014, "y": 0.19646683842696752}, "n2": {"x": 0.12579552788846957, "y": -0.37006763567272655}, "n3": {"x": 0.04788796034574818, "y": -0.170082276037364}, "n4": {"x": -0.3245576573394399, "y": -0.041468091852722815}, "n5": {"x": -0.043340482491949855, "y": -0.12874823238730937}, "n6": {"x": 0.29539417654560823, "y": -0.00977867082368741}, "n7": {"x": -0.002330288849463442, "y": -0.10468842449344325}, "n8": {"x": -0.14402196228011463, "y": 0.1233624560598354}, "n9": {"x": 0.03855530726937189, "y": -0.33825429030218895}, "n10": {"x": 0.20079238472773225, "y": -0.1377721455657712}, "n11": {"x": 0.11150944048044222, "y": -0.11986511173766617}, "n12": {"x": -0.23995908569932886, "y": 0.02529742233425908}, "n13": {"x": 0.03215714660566898, "y": -0.4777995029481405}, "n14": {"x": 0.09996305105326919, "y": 0.12999437055591842}, "n15": {"x": -0.12622969808544918, "y": 0.2603404892295708}, "n16": {"x": -0.008103392780845419, "y": -0.16915737364590902}, "n17": {"x": -0.012337938828710137, "y": 0.42017422133487553}, "n18": {"x": -0.24614033509095928, "y": 0.23433056448624853}, "n19": {"x": -0.3713224621606688, "y": 0.08945161984295613}, "n20": {"x": 0.07816848607509715, "y": -0.2066477551793942}, "n21": {"x": -0.13597088807719226, "y": 0.06297624350638567}, "n22": {"x": 0.14925491883180042, "y": 0.09230129373455401}, "n23": {"x": 0.25839516688152464, "y": -0.035504324277802965}, "n24": {"x": -0.11366186150982932, "y": 0.19769411112522986}, "n25": {"x": -0.018943374252711014, "y": 0.283576380162087}, "n26": {"x": 0.2405054511642344, "y": -0.07670368778978859}, "n27": {"x": 0.03453111310388627, "y": -0.2833914624250182}, "n28": {"x": 0.12843527604436775, "y": -0.08261899216931845}, "n29": {"x": 0.0667302106255237, "y": -0.1037143673172671}, "n30": {"x": -0.21330973978947831, "y": -0.02198489327784231}, "n31": {"x": 0.1784157143835335, "y": 0.01202859339964269}, "n32": {"x": -0.06106414638065836, "y": 0.13234454719026884}, "n33": {"x": -0.10808460623079383, "y": -0.27385864512887376}, "n34": {"x": 0.15059260932766638, "y": 0.21002589202514202}, "n35": {"x": 0.289917399792056, "y": -0.10070803565917105}, "n36": {"x": 0.20077272904733415, "y": -0.08531778315672771}, "n37": {"x": -0.19027089393469548, "y": 0.15962140799335134}, "n38": {"x": 0.3781634108697336, "y": -0.08396380659710062}, "n39": {"x": -0.06596598472921213, "y": -0.1731017513087142}, "n40": {"x": 0.09153910896944807, "y": -0.0508973786314635}, "n41": {"x": 0.12228476815970313, "y": -0.25648657115185286}, "n42": {"x": 0.00678999644616683, "y": 0.1514261275257128}, "n43": {"x": 0.11378253182246006, "y": 0.07873896664184915}, "n44": {"x": -0.18187322993924088, "y": 0.38740836559201436}, "n45": {"x": 0.2344051230938719, "y": -0.22329578842866304}, "n46": {"x": 0.08058545413258951, "y": 0.05660288398927757}, "n47": {"x": -1.0, "y": 0.8122892591373874}, "n48": {"x": 0.3023771132538089, "y": 0.0437355790348619}, "n49": {"x": 0.1770948147182195, "y": -0.27206404122096567}, "n50": {"x": -0.2646234453607094, "y": -0.19763362039181007}, "n51": {"x": -0.1387383459713218, "y": -0.08294270526810671}, "n52": {"x": -0.003607525300333551, "y": 0.2093264987387506}, "n53": {"x": 0.22261541627832215, "y": 0.112855002476652}, "n54": {"x": 0.04406908875845111, "y": 0.18962250427984034}, "n55": {"x": -0.1361375472281662, "y": -0.0026572723300143054}, "n56": {"x": 0.18825086919800454, "y": 0.11037658364444886}, "n57": {"x": 0.04130309995226427, "y": 0.013571998653407002}, "n58": {"x": 0.10428728808286614, "y": -0.019758173935647265}, "n59": {"x": -0.20924873428224983, "y": 0.04788493384291676}, "n60": {"x": -0.19967202627848363, "y": -0.1428923438519405}}