{"n1": {"x": 0.0, "y": 0.0}, "n2": {"x": 0.14285714285714285, "y": 0.0}, "n3": {"x": 0.2857142857142857, "y": 0.0}, "n4": {"x": 0.42857142857142855, "y": 0.0}, "n5": {"x": 0.5714285714285714, "y": 0.0}, "n6": {"x": 0.7142857142857143, "y": 0.0}, "n7": {"x": 0.8571428571428571, "y": 0.0}, "n8": {"x": 1.0, "y": 0.0}, "n9": {"x": 0.0, "y": 0.14285714285714285}, "n10": {"x": 0.14285714285714285, "y": 0.14285714285714285}, "n11": {"x": 0.2857142857142857, "y": 0.14285714285714285}, "n12": {"x": 0.42857142857142855, "y": 0.14285714285714285}, "n13": {"x": 0.5714285714285714, "y": 0.14285714285714285}, "n14": {"x": 0.7142857142857143, "y": 0.14285714285714285}, "n15": {"x": 0.8571428571428571, "y": 0.14285714285714285}, "n16": {"x": 1.0, "y": 0.14285714285714285}, "n17": {"x": 0.0, "y": 0.2857142857142857}, "n18": {"x": 0.14285714285714285, "y": 0.2857142857142857}, "n19": {"x": 0.2857142857142857, "y": 0.2857142857142857}, "n20": {"x": 0.42857142857142855, "y": 0.2857142857142857}, "n21": {"x": 0.5714285714285714, "y": 0.2857142857142857}, "n22": {"x": 0.7142857142857143, "y": 0.2857142857142857}, "n23": {"x": 0.8571428571428571, "y": 0.2857142857142857}, "n24": {"x": 1.0, "y": 0.2857142857142857}, "n25": {"x": 0.0, "y": 0.42857142857142855}, "n26": {"x": 0.14285714285714285, "y": 0.42857142857142855}, "n27": {"x": 0.2857142857142857, "y": 0.42857142857142855}, "n28": {"x": 0.42857142857142855, "y": 0.42857142857142855}, "n29": {"x": 0.5714285714285714, "y": 0.42857142857142855}, "n30": {"x": 0.7142857142857143, "y": 0.42857142857142855}, "n31": {"x": 0.8571428571428571, "y": 0.42857142857142855}, "n32": {"x": 1.0, "y": 0.42857142857142855}, "n33": {"x": 0.0, "y": 0.5714285714285714}, "n34": {"x": 0.14285714285714285, "y": 0.5714285714285714}, "n35": {"x": 0.2857142857142857, "y": 0.5714285714285714}, "n36": {"x": 0.42857142857142855, "y": 0.5714285714285714}, "n37": {"x": 0.5714285714285714, "y": 0.5714285714285714}, "n38": {"x": 0.7142857142857143, "y": 0.5714285714285714}, "n39": {"x": 0.8571428571428571, "y": 0.5714285714285714}, "n40": {"x": 1.0, "y": 0.5714285714285714}, "n41": {"x": 0.0, "y": 0.7142857142857143}, "n42": {"x": 0.14285714285714285, "y": 0.7142857142857143}, "n43": {"x": 0.2857142857142857, "y": 0.7142857142857143}, "n44": {"x": 0.42857142857142855, "y": 0.7142857142857143}, "n45": {"x": 0.5714285714285714, "y": 0.7142857142857143}, "n46": {"x": 0.7142857142857143, "y": 0.7142857142857143}, "n47": {"x": 0.8571428571428571, "y": 0.7142857142857143}, "n48": {"x": 1.0, "y": 0.7142857142857143}, "n49": {"x": 0.0, "y": 0.8571428571428571}, "n50": {"x": 0.14285714285714285, "y": 0.8571428571428571}, "n51": {"x": 0.2857142857142857, "y": 0.8571428571428571}, "n52": {"x": 0.42857142857142855, "y": 0.8571428571428571}, "n53": {"x": 0.5714285714285714, "y": 0.8571428571428571}, "n54": {"x": 0.7142857142857143, "y": 0.8571428571428571}, "n55": {"x": 0.8571428571428571, "y": 0.8571428571428571}, "n56": {"x": 1.0, "y": 0.8571428571428571}, "n57": {"x": 0.0, "y": 1.0}, "n58": {"x": 0.14285714285714285, "y": 1.0}, "n59": {"x": 0.2857142857142857, "y": 1.0}, "n60": {"x": 0.42857142857142855, "y": 1.0}, "n61": {"x": 0.5714285714285714, "y": 1.0}, "n62": {"x": 0.7142857142857143, "y": 1.0}, "n63": {"x": 0.8571428571428571, "y": 1.0}, "n64": {"x": 1.0, "y": 1.0}}