{"n1": {"x": 0.010422412637691296, "y": -0.27759817603059367}, "n2": {"x": -0.332242989818171, "y": 0.027700724391974664}, "n3": {"x": 0.08110073615810136, "y": 0.061018266253277775}, "n4": {"x": 0.34277040556417915, "y": -0.3938685217960562}, "n5": {"x": -0.8969060320714809, "y": -0.23948987444707204}, "n6": {"x": 0.6709589674424433, "y": 0.18715330857065343}, "n7": {"x": 0.7460350158050951, "y": 0.19603798034368017}, "n8": {"x": -0.20462951316122574, "y": 0.38221809208770685}, "n9": {"x": 0.5984950638089302, "y": 0.6128165521445996}, "n10": {"x": 0.08987394511220792, "y": -0.5335047176450758}, "n11": {"x": 0.22575377488479834, "y": -0.3916685950672986}, "n12": {"x": 0.0450730113129463, "y": 0.2505937356087875}, "n13": {"x": 0.3387463828883249, "y": -0.18602743970999897}, "n14": {"x": 0.2671240372550646, "y": 0.5537957193150231}, "n15": {"x": -0.040442010254116104, "y": -0.11535714490916224}, "n16": {"x": -0.3297822394759136, "y": -0.14766171906918213}, "n17": {"x": 0.24129218771312066, "y": 0.16647171758247342}, "n18": {"x": -1.0, "y": 0.1348795280269132}, "n19": {"x": -0.32152030146845206, "y": -0.4616239989385647}, "n20": {"x": 0.16655966313088022, "y": 0.16573011632141663}, "n21": {"x": -0.1051932348166106, "y": -0.2359036044639214}, "n22": {"x": -0.10140399796555295, "y": -0.09926790196272023}, "n23": {"x": -0.24308327570055466, "y": -0.0008611386187298147}, "n24": {"x": -0.15398452537856624, "y": 0.11972770936128384}, "n25": {"x": -0.056835830078905844, "y": 0.5546379502509281}, "n26": {"x": -0.44634692470733967, "y": -0.12286034395829816}, "n27": {"x": -0.3832228016540224, "y": 0.15617319198834403}, "n28": {"x": 0.5930973301970499, "y": 0.07620035519167781}, "n29": {"x": -0.7248892184919368, "y": -0.4956919290379237}, "n30": {"x": 0.2949636114715834, "y": -0.6560191407869135}, "n31": {"x": 0.5331953638895034, "y": 0.3468974720739593}, "n32": {"x": -0.6499883360840533, "y": 0.04291160047712966}, "n33": {"x": -0.4726632116219687, "y": -0.02720611149756725}, "n34": {"x": 0.11658077752013062, "y": -0.15297986154221804}, "n35": {"x": 0.3262416877664244, "y": 0.5748444701412141}, "n36": {"x": -0.5287641901638611, "y": 0.540397265356153}, "n37": {"x": -0.37194175589369505, "y": -0.24274917241598631}, "n38": {"x": -0.661874815833613, "y": -0.19408801980476037}, "n39": {"x": -0.19911934736097595, "y": 0.1541568137212505}, "n40": {"x": -0.23234206256487505, "y": -0.8433380639731791}, "n41": {"x": 0.6794458760514843, "y": 0.4450149605915398}, "n42": {"x": 0.30958059226085444, "y": 0.4260469511151654}, "n43": {"x": 0.24265469723121338, "y": -0.14354648375964008}, "n44": {"x": 0.3745527740548466, "y": 0.1891208646037729}, "n45": {"x": 0.049787674392157956, "y": 0.48309322289033035}, "n46": {"x": 0.5180883336966453, "y": 0.15287542281133418}, "n47": {"x": -0.14155286816572943, "y": 0.31738297331345533}, "n48": {"x": -0.12935570099956692, "y": -0.4901029555179841}, "n49": {"x": -0.28123233293958544, "y": 0.11009091188686351}, "n50": {"x": -0.06752538405663021, "y": 0.13626777843116017}, "n51": {"x": 0.15717883533568697, "y": -0.3867224709472649}, "n52": {"x": 0.4307005615147695, "y": 0.6036269746906094}, "n53": {"x": 0.05745016366970166, "y": 0.3855166676827046}, "n54": {"x": 0.5191797039118679, "y": -0.11250317290207339}, "n55": {"x": 0.35213344650482553, "y": -0.5128300080442452}, "n56": {"x": 0.1866476000638736, "y": -0.8970271206477841}, "n57": {"x": -0.6795125069699676, "y": -0.28095576355405916}, "n58": {"x": 0.22495624808276893, "y": -0.03403943844742802}, "n59": {"x": -0.23256434432906709, "y": 0.29017187086447116}, "n60": {"x": 0.1982788706972666, "y": -0.16807827859415023}}