{"n1": {"x": -0.18670155940723834, "y": 0.1370128256447379}, "n2": {"x": 0.1999299379244324, "y": -0.21934010972151752}, "n3": {"x": -0.721036325163415, "y": 0.7826329099749021}, "n4": {"x": -0.02408379627917657, "y": 0.06804174835820083}, "n5": {"x": -0.1521372611940521, "y": -0.24812070710795336}, "n6": {"x": 0.36203816856282783, "y": -0.12062752376660586}, "n7": {"x": 0.22726671797528236, "y": 0.16926693251647326}, "n8": {"x": -0.474167959806317, "y": -0.2637923529872577}, "n9": {"x": 0.0857994644535707, "y": -0.05492621954238833}, "n10": {"x": 0.07187281702627922, "y": -0.4588297522085857}, "n11": {"x": -0.14431452822053767, "y": -0.12031536348235768}, "n12": {"x": -0.15807856577345275, "y": 0.32953135537308276}, "n13": {"x": -0.09846249203645623, "y": -0.4263684634962604}, "n14": {"x": 0.08671424179937104, "y": 0.2956286273087314}, "n15": {"x": -0.17958604944167983, "y": 0.04474522933136065}, "n16": {"x": -0.11156681782774291, "y": 0.48227053171610346}, "n17": {"x": -0.3658762158362372, "y": -0.10122623192643922}, "n18": {"x": 0.38060208164522313, "y": 0.008056788033031876}, "n19": {"x": 0.5661175975454016, "y": 0.3610644723369361}, "n20": {"x": 0.36347031447980427, "y": -0.2859096710629575}, "n21": {"x": -0.48798538062249547, "y": -0.49785935701251427}, "n22": {"x": 0.10015290370127855, "y": -0.22452766570300295}, "n23": {"x": -0.025090754442659468, "y": 0.21875066730097853}, "n24": {"x": -0.020665574803648213, "y": -0.08456298988409552}, "n25": {"x": -0.424202842542823, "y": 0.13070931795434704}, "n26": {"x": -0.03342017777290441, "y": 0.5139424450476711}, "n27": {"x": -0.7316594103371834, "y": 0.09136005533876534}, "n28": {"x": 0.3821890426211109, "y": -0.49963039190748854}, "n29": {"x": -0.6243449753555961, "y": -0.41485179620681434}, "n30": {"x": -0.6691803604528533, "y": -0.14296678060450155}, "n31": {"x": 0.5420135525873273, "y": -0.04341820039321477}, "n32": {"x": 0.4272715985546246, "y": -0.7694157031338287}, "n33": {"x": 0.412881410940496, "y": 0.278287708216518}, "n34": {"x": 0.039001781923365335, "y": 0.42987984600382184}, "n35": {"x": 0.8268264591926391, "y": 0.009636536691493162}, "n36": {"x": 0.5876539841340688, "y": -0.6051160691252373}, "n37": {"x": 0.1760796515265752, "y": 0.6173179390603302}, "n38": {"x": 0.25791624865500035, "y": -0.5432428381657437}, "n39": {"x": -0.44006724179354273, "y": 0.3868885521897091}, "n40": {"x": -0.9007440082673681, "y": -0.012032922802861121}, "n41": {"x": 0.3968638639902914, "y": 0.12890037113902575}, "n42": {"x": 0.024874175754438645, "y": -0.7094424539188827}, "n43": {"x": 0.7757348065017643, "y": 0.14586904096432018}, "n44": {"x": 0.8459107517537685, "y": -0.368348175909311}, "n45": {"x": 0.5771486808526398, "y": -0.37937453486066713}, "n46": {"x": -0.1483259016474893, "y": -0.578807744641657}, "n47": {"x": -0.8889812500322125, "y": 0.26547884970471913}, "n48": {"x": -0.4796254910875246, "y": 0.6172389038972359}, "n49": {"x": 0.4849683909377026, "y": 0.5855028811561692}, "n50": {"x": -0.24202564327558881, "y": 0.5920426853466642}, "n51": {"x": -0.3702465684682205, "y": -0.3595027403762058}, "n52": {"x": 0.5829428063483186, "y": 0.16411394150081837}, "n53": {"x": -0.689296453232801, "y": 0.35657030575606546}, "n54": {"x": 1.0, "y": 0.524977455473173}, "n55": {"x": -0.5239737131818859, "y": 0.4733833606415437}, "n56": {"x": -0.5268799453207509, "y": -0.8285861941652757}, "n57": {"x": 0.5242200036152077, "y": 0.4918788169783202}, "n58": {"x": 0.05258202991198972, "y": 0.7303976172624665}, "n59": {"x": -0.2748409228533999, "y": -0.3194911612304921}, "n60": {"x": -0.2434752984375564, "y": -0.7507446028736081}}